<metadata xml:lang="en"><Esri><CreaDate>20230509</CreaDate><CreaTime>11292600</CreaTime><ArcGISFormat>1.0</ArcGISFormat><SyncOnce>FALSE</SyncOnce><RematchLocator>https://geocode.arcgis.com/arcgis/rest/services/World/GeocodeServer/ArcGIS World Geocoding Service<Category Locator="Review">Address</Category><Description Locator="Review">::</Description><PORTALURL Locator="Review">https://www.arcgis.com/</PORTALURL><DOCPATH Locator="Review">::</DOCPATH><Referer Locator="Review">http://www.esri.com/AGO/9B89385A-C203-44B1-B0CE-68305745B308</Referer><ISFILTERLOCATOR Locator="Review">FALSE</ISFILTERLOCATOR><ISEAGLELOCATOR Locator="Review">TRUE</ISEAGLELOCATOR><ISAGOWORLDLOCATOR Locator="Review">TRUE</ISAGOWORLDLOCATOR><CLSID Locator="Review">{92B913C2-FDF2-46D1-9D69-58F6711FE468}</CLSID><capabilities Locator="Review">Geocode,ReverseGeocode,Suggest</capabilities><NumThreads Locator="Review">0</NumThreads><MinimumMatchScore Locator="Review">75</MinimumMatchScore><MinimumCandidateScore Locator="Review">70</MinimumCandidateScore><supportsBatchOutFields Locator="Review">-1</supportsBatchOutFields><RequestTimeout Locator="Review">60</RequestTimeout><InTable Locator="Review">::</InTable><InKeyColumns Locator="Review">::</InKeyColumns><InColumns Locator="Review">IN_Address</InColumns><InColumns Locator="Review">IN_Address2</InColumns><InColumns Locator="Review">IN_Address3</InColumns><InColumns Locator="Review">IN_Neighborhood</InColumns><InColumns Locator="Review">IN_City</InColumns><InColumns Locator="Review">IN_Subregion</InColumns><InColumns Locator="Review">IN_Region</InColumns><InColumns Locator="Review">IN_Postal</InColumns><InColumns Locator="Review">IN_PostalExt</InColumns><InColumns Locator="Review">IN_CountryCode</InColumns><OutTable Locator="Review">::</OutTable><OutKeyColumns Locator="Review">::</OutKeyColumns><OutColumns Locator="Review">Loc_name</OutColumns><OutColumns Locator="Review">Shape</OutColumns><OutColumns Locator="Review">Status</OutColumns><OutColumns Locator="Review">Score</OutColumns><OutColumns Locator="Review">Match_addr</OutColumns><OutColumns Locator="Review">LongLabel</OutColumns><OutColumns Locator="Review">ShortLabel</OutColumns><OutColumns Locator="Review">Addr_type</OutColumns><OutColumns Locator="Review">Type</OutColumns><OutColumns Locator="Review">PlaceName</OutColumns><OutColumns Locator="Review">Place_addr</OutColumns><OutColumns Locator="Review">Phone</OutColumns><OutColumns Locator="Review">URL</OutColumns><OutColumns Locator="Review">Rank</OutColumns><OutColumns Locator="Review">AddBldg</OutColumns><OutColumns Locator="Review">AddNum</OutColumns><OutColumns Locator="Review">AddNumFrom</OutColumns><OutColumns Locator="Review">AddNumTo</OutColumns><OutColumns Locator="Review">AddRange</OutColumns><OutColumns Locator="Review">Side</OutColumns><OutColumns Locator="Review">StPreDir</OutColumns><OutColumns Locator="Review">StPreType</OutColumns><OutColumns Locator="Review">StName</OutColumns><OutColumns Locator="Review">StType</OutColumns><OutColumns Locator="Review">StDir</OutColumns><OutColumns Locator="Review">BldgType</OutColumns><OutColumns Locator="Review">BldgName</OutColumns><OutColumns Locator="Review">LevelType</OutColumns><OutColumns Locator="Review">LevelName</OutColumns><OutColumns Locator="Review">UnitType</OutColumns><OutColumns Locator="Review">UnitName</OutColumns><OutColumns Locator="Review">SubAddr</OutColumns><OutColumns Locator="Review">StAddr</OutColumns><OutColumns Locator="Review">Block</OutColumns><OutColumns Locator="Review">Sector</OutColumns><OutColumns Locator="Review">Nbrhd</OutColumns><OutColumns Locator="Review">District</OutColumns><OutColumns Locator="Review">City</OutColumns><OutColumns Locator="Review">MetroArea</OutColumns><OutColumns Locator="Review">Subregion</OutColumns><OutColumns Locator="Review">Region</OutColumns><OutColumns Locator="Review">RegionAbbr</OutColumns><OutColumns Locator="Review">Territory</OutColumns><OutColumns Locator="Review">Zone</OutColumns><OutColumns Locator="Review">Postal</OutColumns><OutColumns Locator="Review">PostalExt</OutColumns><OutColumns Locator="Review">Country</OutColumns><OutColumns Locator="Review">CntryName</OutColumns><OutColumns Locator="Review">LangCode</OutColumns><OutColumns Locator="Review">Distance</OutColumns><OutColumns Locator="Review">X</OutColumns><OutColumns Locator="Review">Y</OutColumns><OutColumns Locator="Review">DisplayX</OutColumns><OutColumns Locator="Review">DisplayY</OutColumns><OutColumns Locator="Review">Xmin</OutColumns><OutColumns Locator="Review">Xmax</OutColumns><OutColumns Locator="Review">Ymin</OutColumns><OutColumns Locator="Review">Ymax</OutColumns><OutColumns Locator="Review">ExInfo</OutColumns><locationType Locator="Review">ROOFTOP</locationType></RematchLocator><DataProperties><lineage><Process ToolSource="c:\program files\arcgis\pro\Resources\ArcToolbox\Toolboxes\Geocoding Tools.tbx\GeocodeAddresses" Date="20230509" Time="112926">GeocodeAddresses Libraries "https://geocode.arcgis.com/arcgis/rest/services/World/GeocodeServer/ArcGIS World Geocoding Service" "'Address or Place' ADDRESS VISIBLE NONE;Address2 ADDRESS2 VISIBLE NONE;Address3 &lt;None&gt; VISIBLE NONE;Neighborhood &lt;None&gt; VISIBLE NONE;City CITY VISIBLE NONE;County &lt;None&gt; VISIBLE NONE;State STATE VISIBLE NONE;ZIP ZIPCODE VISIBLE NONE;ZIP4 &lt;None&gt; VISIBLE NONE;Country &lt;None&gt; VISIBLE NONE" "C:\Users\lydiaorr\OneDrive - Temple University\GIS_S23\FinalProject\FinalProject.gdb\Libraries_Loc" STATIC # "Address location" # All</Process><Process ToolSource="c:\program files\arcgis\pro\Resources\ArcToolbox\Toolboxes\Conversion Tools.tbx\ExportFeatures" Date="20230509" Time="113903">ExportFeatures Libraries_Loc "C:\Users\lydiaorr\OneDrive - Temple University\GIS_S23\FinalProject\Open_Libraries.shp" # NOT_USE_ALIAS "Loc_name "Loc_name" true true false 20 Text 0 0,First,#,Libraries_Loc,Loc_name,0,20;Status "Status" true true true 1 Text 0 0,First,#,Libraries_Loc,Status,0,1;Score "Score" true true true 8 Double 0 0,First,#,Libraries_Loc,Score,-1,-1;Match_type "Match_type" true true false 2 Text 0 0,First,#,Libraries_Loc,Match_type,0,2;Match_addr "Match_addr" true true true 500 Text 0 0,First,#,Libraries_Loc,Match_addr,0,500;LongLabel "LongLabel" true true false 500 Text 0 0,First,#,Libraries_Loc,LongLabel,0,500;ShortLabel "ShortLabel" true true false 500 Text 0 0,First,#,Libraries_Loc,ShortLabel,0,500;Addr_type "Addr_type" true true false 20 Text 0 0,First,#,Libraries_Loc,Addr_type,0,20;Type "Type" true true false 50 Text 0 0,First,#,Libraries_Loc,Type,0,50;PlaceName "PlaceName" true true false 200 Text 0 0,First,#,Libraries_Loc,PlaceName,0,200;Place_addr "Place_addr" true true false 500 Text 0 0,First,#,Libraries_Loc,Place_addr,0,500;Phone "Phone" true true false 25 Text 0 0,First,#,Libraries_Loc,Phone,0,25;URL "URL" true true false 250 Text 0 0,First,#,Libraries_Loc,URL,0,250;Rank "Rank" true true false 8 Double 0 0,First,#,Libraries_Loc,Rank,-1,-1;AddBldg "BuildingName" true true false 125 Text 0 0,First,#,Libraries_Loc,AddBldg,0,125;AddNum "AddressNumber" true true false 50 Text 0 0,First,#,Libraries_Loc,AddNum,0,50;AddNumFrom "AddNumFrom" true true false 50 Text 0 0,First,#,Libraries_Loc,AddNumFrom,0,50;AddNumTo "AddNumTo" true true false 50 Text 0 0,First,#,Libraries_Loc,AddNumTo,0,50;AddRange "AddressRange" true true false 100 Text 0 0,First,#,Libraries_Loc,AddRange,0,100;Side "Side" true true false 1 Text 0 0,First,#,Libraries_Loc,Side,0,1;StPreDir "StPreDir" true true false 5 Text 0 0,First,#,Libraries_Loc,StPreDir,0,5;StPreType "StPreType" true true false 50 Text 0 0,First,#,Libraries_Loc,StPreType,0,50;StName "StName" true true false 125 Text 0 0,First,#,Libraries_Loc,StName,0,125;StType "StType" true true false 30 Text 0 0,First,#,Libraries_Loc,StType,0,30;StDir "StDir" true true false 20 Text 0 0,First,#,Libraries_Loc,StDir,0,20;BldgType "BldgType" true true false 20 Text 0 0,First,#,Libraries_Loc,BldgType,0,20;BldgName "BldgName" true true false 50 Text 0 0,First,#,Libraries_Loc,BldgName,0,50;LevelType "LevelType" true true false 20 Text 0 0,First,#,Libraries_Loc,LevelType,0,20;LevelName "LevelName" true true false 50 Text 0 0,First,#,Libraries_Loc,LevelName,0,50;UnitType "UnitType" true true false 20 Text 0 0,First,#,Libraries_Loc,UnitType,0,20;UnitName "UnitName" true true false 50 Text 0 0,First,#,Libraries_Loc,UnitName,0,50;SubAddr "SubAddress" true true false 250 Text 0 0,First,#,Libraries_Loc,SubAddr,0,250;StAddr "StAddr" true true false 300 Text 0 0,First,#,Libraries_Loc,StAddr,0,300;Block "Block" true true false 120 Text 0 0,First,#,Libraries_Loc,Block,0,120;Sector "Sector" true true false 120 Text 0 0,First,#,Libraries_Loc,Sector,0,120;Nbrhd "Neighborhood" true true false 120 Text 0 0,First,#,Libraries_Loc,Nbrhd,0,120;District "District" true true false 120 Text 0 0,First,#,Libraries_Loc,District,0,120;City "City" true true false 120 Text 0 0,First,#,Libraries_Loc,City,0,120;MetroArea "MetroArea" true true false 120 Text 0 0,First,#,Libraries_Loc,MetroArea,0,120;Subregion "Subregion" true true false 120 Text 0 0,First,#,Libraries_Loc,Subregion,0,120;Region "Region" true true false 120 Text 0 0,First,#,Libraries_Loc,Region,0,120;RegionAbbr "RegionAbbr" true true false 50 Text 0 0,First,#,Libraries_Loc,RegionAbbr,0,50;Territory "Territory" true true false 120 Text 0 0,First,#,Libraries_Loc,Territory,0,120;Zone "Zone" true true false 100 Text 0 0,First,#,Libraries_Loc,Zone,0,100;Postal "Postal" true true false 20 Text 0 0,First,#,Libraries_Loc,Postal,0,20;PostalExt "PostalExt" true true false 10 Text 0 0,First,#,Libraries_Loc,PostalExt,0,10;Country "Country" true true false 30 Text 0 0,First,#,Libraries_Loc,Country,0,30;CntryName "CountryName" true true false 100 Text 0 0,First,#,Libraries_Loc,CntryName,0,100;LangCode "LangCode" true true false 5 Text 0 0,First,#,Libraries_Loc,LangCode,0,5;Distance "Distance" true true false 8 Double 0 0,First,#,Libraries_Loc,Distance,-1,-1;X "X" true true false 8 Double 0 0,First,#,Libraries_Loc,X,-1,-1;Y "Y" true true false 8 Double 0 0,First,#,Libraries_Loc,Y,-1,-1;DisplayX "DisplayX" true true false 8 Double 0 0,First,#,Libraries_Loc,DisplayX,-1,-1;DisplayY "DisplayY" true true false 8 Double 0 0,First,#,Libraries_Loc,DisplayY,-1,-1;Xmin "Xmin" true true false 8 Double 0 0,First,#,Libraries_Loc,Xmin,-1,-1;Xmax "Xmax" true true false 8 Double 0 0,First,#,Libraries_Loc,Xmax,-1,-1;Ymin "Ymin" true true false 8 Double 0 0,First,#,Libraries_Loc,Ymin,-1,-1;Ymax "Ymax" true true false 8 Double 0 0,First,#,Libraries_Loc,Ymax,-1,-1;ExInfo "ExtraInfo" true true false 500 Text 0 0,First,#,Libraries_Loc,ExInfo,0,500;IN_Address "Address or Place" true true false 100 Text 0 0,First,#,Libraries_Loc,IN_Address,0,100;IN_Address2 "Address2" true true false 100 Text 0 0,First,#,Libraries_Loc,IN_Address2,0,100;IN_Address3 "Address3" true true false 100 Text 0 0,First,#,Libraries_Loc,IN_Address3,0,100;IN_Neighborhood "Neighborhood" true true false 50 Text 0 0,First,#,Libraries_Loc,IN_Neighborhood,0,50;IN_City "City" true true false 50 Text 0 0,First,#,Libraries_Loc,IN_City,0,50;IN_Subregion "County" true true false 50 Text 0 0,First,#,Libraries_Loc,IN_Subregion,0,50;IN_Region "State" true true false 50 Text 0 0,First,#,Libraries_Loc,IN_Region,0,50;IN_Postal "ZIP" true true false 20 Text 0 0,First,#,Libraries_Loc,IN_Postal,0,20;IN_PostalExt "ZIP4" true true false 20 Text 0 0,First,#,Libraries_Loc,IN_PostalExt,0,20;IN_CountryCode "Country" true true false 100 Text 0 0,First,#,Libraries_Loc,IN_CountryCode,0,100;USER_ID "ID" true true false 8 Double 0 0,First,#,Libraries_Loc,USER_ID,-1,-1;USER_FACIL_NAME "FACIL_NAME" true true false 255 Text 0 0,First,#,Libraries_Loc,USER_FACIL_NAME,0,255;USER_ALT_NAME "ALT_NAME" true true false 255 Text 0 0,First,#,Libraries_Loc,USER_ALT_NAME,0,255;USER_ADDRESS "ADDRESS" true true false 255 Text 0 0,First,#,Libraries_Loc,USER_ADDRESS,0,255;USER_ADDRESS2 "ADDRESS2" true true false 255 Text 0 0,First,#,Libraries_Loc,USER_ADDRESS2,0,255;USER_CITY "CITY" true true false 255 Text 0 0,First,#,Libraries_Loc,USER_CITY,0,255;USER_STATE "STATE" true true false 255 Text 0 0,First,#,Libraries_Loc,USER_STATE,0,255;USER_ZIPCODE "ZIPCODE" true true false 255 Text 0 0,First,#,Libraries_Loc,USER_ZIPCODE,0,255;USER_NEIGHBORHOOD "NEIGHBORHOOD" true true false 255 Text 0 0,First,#,Libraries_Loc,USER_NEIGHBORHOOD,0,255;USER_PLANNING_SEC "PLANNING_SEC" true true false 255 Text 0 0,First,#,Libraries_Loc,USER_PLANNING_SEC,0,255;USER_MON_OPEN "MON_OPEN" true true false 8 Date 0 0,First,#,Libraries_Loc,USER_MON_OPEN,-1,-1;USER_MON_CLOSE "MON_CLOSE" true true false 8 Date 0 0,First,#,Libraries_Loc,USER_MON_CLOSE,-1,-1;USER_MON_HOURS "MON_HOURS" true true false 8 Double 0 0,First,#,Libraries_Loc,USER_MON_HOURS,-1,-1;USER_TUES_OPEN "TUES_OPEN" true true false 8 Date 0 0,First,#,Libraries_Loc,USER_TUES_OPEN,-1,-1;USER_TUES_CLOSE "TUES_CLOSE" true true false 8 Date 0 0,First,#,Libraries_Loc,USER_TUES_CLOSE,-1,-1;USER_TUES_HOURS "TUES_HOURS" true true false 8 Double 0 0,First,#,Libraries_Loc,USER_TUES_HOURS,-1,-1;USER_WED_OPEN "WED_OPEN" true true false 8 Date 0 0,First,#,Libraries_Loc,USER_WED_OPEN,-1,-1;USER_WED_CLOSE "WED_CLOSE" true true false 8 Date 0 0,First,#,Libraries_Loc,USER_WED_CLOSE,-1,-1;USER_WED_HOURS "WED_HOURS" true true false 8 Double 0 0,First,#,Libraries_Loc,USER_WED_HOURS,-1,-1;USER_THUR_OPEN "THUR_OPEN" true true false 8 Date 0 0,First,#,Libraries_Loc,USER_THUR_OPEN,-1,-1;USER_THUR_CLOSE "THUR_CLOSE" true true false 8 Date 0 0,First,#,Libraries_Loc,USER_THUR_CLOSE,-1,-1;USER_THUR_HOURS "THUR_HOURS" true true false 8 Double 0 0,First,#,Libraries_Loc,USER_THUR_HOURS,-1,-1;USER_FRI_OPEN "FRI_OPEN" true true false 8 Date 0 0,First,#,Libraries_Loc,USER_FRI_OPEN,-1,-1;USER_FRI_CLOSE "FRI_CLOSE" true true false 8 Date 0 0,First,#,Libraries_Loc,USER_FRI_CLOSE,-1,-1;USER_FRI_HOURS "FRI_HOURS" true true false 8 Double 0 0,First,#,Libraries_Loc,USER_FRI_HOURS,-1,-1;USER_SAT_OPEN "SAT_OPEN" true true false 255 Text 0 0,First,#,Libraries_Loc,USER_SAT_OPEN,0,255;USER_SAT_CLOSE "SAT_CLOSE" true true false 255 Text 0 0,First,#,Libraries_Loc,USER_SAT_CLOSE,0,255;USER_SAT_HOURS "SAT_HOURS" true true false 8 Double 0 0,First,#,Libraries_Loc,USER_SAT_HOURS,-1,-1;USER_WEEKLY_HOURS "WEEKLY_HOURS" true true false 8 Double 0 0,First,#,Libraries_Loc,USER_WEEKLY_HOURS,-1,-1;USER_DAYS_PAST_FIVE "DAYS_PAST_FIVE" true true false 8 Double 0 0,First,#,Libraries_Loc,USER_DAYS_PAST_FIVE,-1,-1;USER_DAYS_PAST_SIX "DAYS_PAST_SIX" true true false 8 Double 0 0,First,#,Libraries_Loc,USER_DAYS_PAST_SIX,-1,-1;USER_DAYS_PAST_SEVEN "DAYS_PAST_SEVEN" true true false 8 Double 0 0,First,#,Libraries_Loc,USER_DAYS_PAST_SEVEN,-1,-1;USER_DAYS_BEFORE_NINE "DAYS_BEFORE_NINE" true true false 8 Double 0 0,First,#,Libraries_Loc,USER_DAYS_BEFORE_NINE,-1,-1;USER_WEEKEND "WEEKEND" true true false 8 Double 0 0,First,#,Libraries_Loc,USER_WEEKEND,-1,-1" #</Process><Process ToolSource="c:\program files\arcgis\pro\Resources\ArcToolbox\toolboxes\Conversion Tools.tbx\ExportFeatures" Date="20231217" Time="120522">ExportFeatures Open_Libraries "\\Mac\Home\Desktop\Python files\Assignments\Libraries.shp" # NOT_USE_ALIAS "Loc_name "Loc_name" true true false 20 Text 0 0,First,#,Open_Libraries,Loc_name,0,20;Status "Status" true true false 1 Text 0 0,First,#,Open_Libraries,Status,0,1;Score "Score" true true false 19 Double 0 0,First,#,Open_Libraries,Score,-1,-1;Match_type "Match_type" true true false 2 Text 0 0,First,#,Open_Libraries,Match_type,0,2;Match_addr "Match_addr" true true false 254 Text 0 0,First,#,Open_Libraries,Match_addr,0,254;LongLabel "LongLabel" true true false 254 Text 0 0,First,#,Open_Libraries,LongLabel,0,254;ShortLabel "ShortLabel" true true false 254 Text 0 0,First,#,Open_Libraries,ShortLabel,0,254;Addr_type "Addr_type" true true false 20 Text 0 0,First,#,Open_Libraries,Addr_type,0,20;Type "Type" true true false 50 Text 0 0,First,#,Open_Libraries,Type,0,50;PlaceName "PlaceName" true true false 200 Text 0 0,First,#,Open_Libraries,PlaceName,0,200;Place_addr "Place_addr" true true false 254 Text 0 0,First,#,Open_Libraries,Place_addr,0,254;Phone "Phone" true true false 25 Text 0 0,First,#,Open_Libraries,Phone,0,25;URL "URL" true true false 250 Text 0 0,First,#,Open_Libraries,URL,0,250;Rank "Rank" true true false 19 Double 0 0,First,#,Open_Libraries,Rank,-1,-1;AddBldg "AddBldg" true true false 125 Text 0 0,First,#,Open_Libraries,AddBldg,0,125;AddNum "AddNum" true true false 50 Text 0 0,First,#,Open_Libraries,AddNum,0,50;AddNumFrom "AddNumFrom" true true false 50 Text 0 0,First,#,Open_Libraries,AddNumFrom,0,50;AddNumTo "AddNumTo" true true false 50 Text 0 0,First,#,Open_Libraries,AddNumTo,0,50;AddRange "AddRange" true true false 100 Text 0 0,First,#,Open_Libraries,AddRange,0,100;Side "Side" true true false 1 Text 0 0,First,#,Open_Libraries,Side,0,1;StPreDir "StPreDir" true true false 5 Text 0 0,First,#,Open_Libraries,StPreDir,0,5;StPreType "StPreType" true true false 50 Text 0 0,First,#,Open_Libraries,StPreType,0,50;StName "StName" true true false 125 Text 0 0,First,#,Open_Libraries,StName,0,125;StType "StType" true true false 30 Text 0 0,First,#,Open_Libraries,StType,0,30;StDir "StDir" true true false 20 Text 0 0,First,#,Open_Libraries,StDir,0,20;BldgType "BldgType" true true false 20 Text 0 0,First,#,Open_Libraries,BldgType,0,20;BldgName "BldgName" true true false 50 Text 0 0,First,#,Open_Libraries,BldgName,0,50;LevelType "LevelType" true true false 20 Text 0 0,First,#,Open_Libraries,LevelType,0,20;LevelName "LevelName" true true false 50 Text 0 0,First,#,Open_Libraries,LevelName,0,50;UnitType "UnitType" true true false 20 Text 0 0,First,#,Open_Libraries,UnitType,0,20;UnitName "UnitName" true true false 50 Text 0 0,First,#,Open_Libraries,UnitName,0,50;SubAddr "SubAddr" true true false 250 Text 0 0,First,#,Open_Libraries,SubAddr,0,250;StAddr "StAddr" true true false 254 Text 0 0,First,#,Open_Libraries,StAddr,0,254;Block "Block" true true false 120 Text 0 0,First,#,Open_Libraries,Block,0,120;Sector "Sector" true true false 120 Text 0 0,First,#,Open_Libraries,Sector,0,120;Nbrhd "Nbrhd" true true false 120 Text 0 0,First,#,Open_Libraries,Nbrhd,0,120;District "District" true true false 120 Text 0 0,First,#,Open_Libraries,District,0,120;City "City" true true false 120 Text 0 0,First,#,Open_Libraries,City,0,120;MetroArea "MetroArea" true true false 120 Text 0 0,First,#,Open_Libraries,MetroArea,0,120;Subregion "Subregion" true true false 120 Text 0 0,First,#,Open_Libraries,Subregion,0,120;Region "Region" true true false 120 Text 0 0,First,#,Open_Libraries,Region,0,120;RegionAbbr "RegionAbbr" true true false 50 Text 0 0,First,#,Open_Libraries,RegionAbbr,0,50;Territory "Territory" true true false 120 Text 0 0,First,#,Open_Libraries,Territory,0,120;Zone "Zone" true true false 100 Text 0 0,First,#,Open_Libraries,Zone,0,100;Postal "Postal" true true false 20 Text 0 0,First,#,Open_Libraries,Postal,0,20;PostalExt "PostalExt" true true false 10 Text 0 0,First,#,Open_Libraries,PostalExt,0,10;Country "Country" true true false 30 Text 0 0,First,#,Open_Libraries,Country,0,30;CntryName "CntryName" true true false 100 Text 0 0,First,#,Open_Libraries,CntryName,0,100;LangCode "LangCode" true true false 5 Text 0 0,First,#,Open_Libraries,LangCode,0,5;Distance "Distance" true true false 19 Double 0 0,First,#,Open_Libraries,Distance,-1,-1;X "X" true true false 19 Double 0 0,First,#,Open_Libraries,X,-1,-1;Y "Y" true true false 19 Double 0 0,First,#,Open_Libraries,Y,-1,-1;DisplayX "DisplayX" true true false 19 Double 0 0,First,#,Open_Libraries,DisplayX,-1,-1;DisplayY "DisplayY" true true false 19 Double 0 0,First,#,Open_Libraries,DisplayY,-1,-1;Xmin "Xmin" true true false 19 Double 0 0,First,#,Open_Libraries,Xmin,-1,-1;Xmax "Xmax" true true false 19 Double 0 0,First,#,Open_Libraries,Xmax,-1,-1;Ymin "Ymin" true true false 19 Double 0 0,First,#,Open_Libraries,Ymin,-1,-1;Ymax "Ymax" true true false 19 Double 0 0,First,#,Open_Libraries,Ymax,-1,-1;ExInfo "ExInfo" true true false 254 Text 0 0,First,#,Open_Libraries,ExInfo,0,254;IN_Address "IN_Address" true true false 100 Text 0 0,First,#,Open_Libraries,IN_Address,0,100;IN_Addre_1 "IN_Addre_1" true true false 100 Text 0 0,First,#,Open_Libraries,IN_Addre_1,0,100;IN_Addre_2 "IN_Addre_2" true true false 100 Text 0 0,First,#,Open_Libraries,IN_Addre_2,0,100;IN_Neighbo "IN_Neighbo" true true false 50 Text 0 0,First,#,Open_Libraries,IN_Neighbo,0,50;IN_City "IN_City" true true false 50 Text 0 0,First,#,Open_Libraries,IN_City,0,50;IN_Subregi "IN_Subregi" true true false 50 Text 0 0,First,#,Open_Libraries,IN_Subregi,0,50;IN_Region "IN_Region" true true false 50 Text 0 0,First,#,Open_Libraries,IN_Region,0,50;IN_Postal "IN_Postal" true true false 20 Text 0 0,First,#,Open_Libraries,IN_Postal,0,20;IN_PostalE "IN_PostalE" true true false 20 Text 0 0,First,#,Open_Libraries,IN_PostalE,0,20;IN_Country "IN_Country" true true false 100 Text 0 0,First,#,Open_Libraries,IN_Country,0,100;USER_ID "USER_ID" true true false 19 Double 0 0,First,#,Open_Libraries,USER_ID,-1,-1;USER_FACIL "USER_FACIL" true true false 254 Text 0 0,First,#,Open_Libraries,USER_FACIL,0,254;USER_ALT_N "USER_ALT_N" true true false 254 Text 0 0,First,#,Open_Libraries,USER_ALT_N,0,254;USER_ADDRE "USER_ADDRE" true true false 254 Text 0 0,First,#,Open_Libraries,USER_ADDRE,0,254;USER_ADD_1 "USER_ADD_1" true true false 254 Text 0 0,First,#,Open_Libraries,USER_ADD_1,0,254;USER_CITY "USER_CITY" true true false 254 Text 0 0,First,#,Open_Libraries,USER_CITY,0,254;USER_STATE "USER_STATE" true true false 254 Text 0 0,First,#,Open_Libraries,USER_STATE,0,254;USER_ZIPCO "USER_ZIPCO" true true false 254 Text 0 0,First,#,Open_Libraries,USER_ZIPCO,0,254;USER_NEIGH "USER_NEIGH" true true false 254 Text 0 0,First,#,Open_Libraries,USER_NEIGH,0,254;USER_PLANN "USER_PLANN" true true false 254 Text 0 0,First,#,Open_Libraries,USER_PLANN,0,254;USER_MON_O "USER_MON_O" true true false 8 Date 0 0,First,#,Open_Libraries,USER_MON_O,-1,-1;USER_MON_C "USER_MON_C" true true false 8 Date 0 0,First,#,Open_Libraries,USER_MON_C,-1,-1;USER_MON_H "USER_MON_H" true true false 19 Double 0 0,First,#,Open_Libraries,USER_MON_H,-1,-1;USER_TUES_ "USER_TUES_" true true false 8 Date 0 0,First,#,Open_Libraries,USER_TUES_,-1,-1;USER_TUES1 "USER_TUES1" true true false 8 Date 0 0,First,#,Open_Libraries,USER_TUES1,-1,-1;USER_TUE_1 "USER_TUE_1" true true false 19 Double 0 0,First,#,Open_Libraries,USER_TUE_1,-1,-1;USER_WED_O "USER_WED_O" true true false 8 Date 0 0,First,#,Open_Libraries,USER_WED_O,-1,-1;USER_WED_C "USER_WED_C" true true false 8 Date 0 0,First,#,Open_Libraries,USER_WED_C,-1,-1;USER_WED_H "USER_WED_H" true true false 19 Double 0 0,First,#,Open_Libraries,USER_WED_H,-1,-1;USER_THUR_ "USER_THUR_" true true false 8 Date 0 0,First,#,Open_Libraries,USER_THUR_,-1,-1;USER_THUR1 "USER_THUR1" true true false 8 Date 0 0,First,#,Open_Libraries,USER_THUR1,-1,-1;USER_THU_1 "USER_THU_1" true true false 19 Double 0 0,First,#,Open_Libraries,USER_THU_1,-1,-1;USER_FRI_O "USER_FRI_O" true true false 8 Date 0 0,First,#,Open_Libraries,USER_FRI_O,-1,-1;USER_FRI_C "USER_FRI_C" true true false 8 Date 0 0,First,#,Open_Libraries,USER_FRI_C,-1,-1;USER_FRI_H "USER_FRI_H" true true false 19 Double 0 0,First,#,Open_Libraries,USER_FRI_H,-1,-1;USER_SAT_O "USER_SAT_O" true true false 254 Text 0 0,First,#,Open_Libraries,USER_SAT_O,0,254;USER_SAT_C "USER_SAT_C" true true false 254 Text 0 0,First,#,Open_Libraries,USER_SAT_C,0,254;USER_SAT_H "USER_SAT_H" true true false 19 Double 0 0,First,#,Open_Libraries,USER_SAT_H,-1,-1;USER_WEEKL "USER_WEEKL" true true false 19 Double 0 0,First,#,Open_Libraries,USER_WEEKL,-1,-1;USER_DAYS_ "USER_DAYS_" true true false 19 Double 0 0,First,#,Open_Libraries,USER_DAYS_,-1,-1;USER_DAYS1 "USER_DAYS1" true true false 19 Double 0 0,First,#,Open_Libraries,USER_DAYS1,-1,-1;USER_DAY_1 "USER_DAY_1" true true false 19 Double 0 0,First,#,Open_Libraries,USER_DAY_1,-1,-1;USER_DAY_2 "USER_DAY_2" true true false 19 Double 0 0,First,#,Open_Libraries,USER_DAY_2,-1,-1;USER_WEEKE "USER_WEEKE" true true false 19 Double 0 0,First,#,Open_Libraries,USER_WEEKE,-1,-1" #</Process></lineage><itemProps><itemName Sync="TRUE">Libraries</itemName><imsContentType Sync="TRUE">002</imsContentType><itemSize Sync="TRUE">0.000</itemSize><itemLocation><linkage Sync="TRUE">file://\\Mac\Home\Desktop\Python files\Assignments\Libraries.shp</linkage><protocol Sync="TRUE">Local Area Network</protocol></itemLocation></itemProps><coordRef><type Sync="TRUE">Geographic</type><geogcsn Sync="TRUE">GCS_WGS_1984</geogcsn><csUnits Sync="TRUE">Angular Unit: Degree (0.017453)</csUnits><peXml Sync="TRUE">&lt;GeographicCoordinateSystem xsi:type='typens:GeographicCoordinateSystem' xmlns:xsi='http://www.w3.org/2001/XMLSchema-instance' xmlns:xs='http://www.w3.org/2001/XMLSchema' xmlns:typens='http://www.esri.com/schemas/ArcGIS/3.1.0'&gt;&lt;WKT&gt;GEOGCS[&amp;quot;GCS_WGS_1984&amp;quot;,DATUM[&amp;quot;D_WGS_1984&amp;quot;,SPHEROID[&amp;quot;WGS_1984&amp;quot;,6378137.0,298.257223563]],PRIMEM[&amp;quot;Greenwich&amp;quot;,0.0],UNIT[&amp;quot;Degree&amp;quot;,0.0174532925199433],AUTHORITY[&amp;quot;EPSG&amp;quot;,4326]]&lt;/WKT&gt;&lt;XOrigin&gt;-400&lt;/XOrigin&gt;&lt;YOrigin&gt;-400&lt;/YOrigin&gt;&lt;XYScale&gt;11258999068426.238&lt;/XYScale&gt;&lt;ZOrigin&gt;-100000&lt;/ZOrigin&gt;&lt;ZScale&gt;10000&lt;/ZScale&gt;&lt;MOrigin&gt;-100000&lt;/MOrigin&gt;&lt;MScale&gt;10000&lt;/MScale&gt;&lt;XYTolerance&gt;8.983152841195215e-09&lt;/XYTolerance&gt;&lt;ZTolerance&gt;0.001&lt;/ZTolerance&gt;&lt;MTolerance&gt;0.001&lt;/MTolerance&gt;&lt;HighPrecision&gt;true&lt;/HighPrecision&gt;&lt;LeftLongitude&gt;-180&lt;/LeftLongitude&gt;&lt;WKID&gt;4326&lt;/WKID&gt;&lt;LatestWKID&gt;4326&lt;/LatestWKID&gt;&lt;/GeographicCoordinateSystem&gt;</peXml></coordRef></DataProperties><SyncDate>20231217</SyncDate><SyncTime>12052200</SyncTime><ModDate>20231217</ModDate><ModTime>12052200</ModTime></Esri><dataIdInfo><envirDesc Sync="TRUE">Microsoft Windows 10 Version 10.0 (Build 22621) ; Esri ArcGIS 13.1.3.41833</envirDesc><dataLang><languageCode value="eng" Sync="TRUE"></languageCode><countryCode value="USA" Sync="TRUE"></countryCode></dataLang><idCitation><resTitle Sync="TRUE">Libraries</resTitle><presForm><PresFormCd value="005" Sync="TRUE"></PresFormCd></presForm></idCitation><spatRpType><SpatRepTypCd value="001" Sync="TRUE"></SpatRepTypCd></spatRpType></dataIdInfo><mdLang><languageCode value="eng" Sync="TRUE"></languageCode><countryCode value="USA" Sync="TRUE"></countryCode></mdLang><distInfo><distFormat><formatName Sync="TRUE">Shapefile</formatName></distFormat><distTranOps><transSize Sync="TRUE">0.000</transSize></distTranOps></distInfo><mdHrLv><ScopeCd value="005" Sync="TRUE"></ScopeCd></mdHrLv><mdHrLvName Sync="TRUE">dataset</mdHrLvName><refSysInfo><RefSystem><refSysID><identCode code="4326" Sync="TRUE"></identCode><idCodeSpace Sync="TRUE">EPSG</idCodeSpace><idVersion Sync="TRUE">6.2(3.0.1)</idVersion></refSysID></RefSystem></refSysInfo><spatRepInfo><VectSpatRep><geometObjs Name="Libraries"><geoObjTyp><GeoObjTypCd value="004" Sync="TRUE"></GeoObjTypCd></geoObjTyp><geoObjCnt Sync="TRUE">0</geoObjCnt></geometObjs><topLvl><TopoLevCd value="001" Sync="TRUE"></TopoLevCd></topLvl></VectSpatRep></spatRepInfo><spdoinfo><ptvctinf><esriterm Name="Libraries"><efeatyp Sync="TRUE">Simple</efeatyp><efeageom code="1" Sync="TRUE"></efeageom><esritopo Sync="TRUE">FALSE</esritopo><efeacnt Sync="TRUE">0</efeacnt><spindex Sync="TRUE">FALSE</spindex><linrefer Sync="TRUE">FALSE</linrefer></esriterm></ptvctinf></spdoinfo><eainfo><detailed Name="Libraries"><enttyp><enttypl Sync="TRUE">Libraries</enttypl><enttypt Sync="TRUE">Feature Class</enttypt><enttypc Sync="TRUE">0</enttypc></enttyp><attr><attrlabl Sync="TRUE">FID</attrlabl><attalias Sync="TRUE">FID</attalias><attrtype Sync="TRUE">OID</attrtype><attwidth Sync="TRUE">4</attwidth><atprecis Sync="TRUE">0</atprecis><attscale Sync="TRUE">0</attscale><attrdef Sync="TRUE">Internal feature number.</attrdef><attrdefs Sync="TRUE">Esri</attrdefs><attrdomv><udom Sync="TRUE">Sequential unique whole numbers that are automatically generated.</udom></attrdomv></attr><attr><attrlabl Sync="TRUE">Shape</attrlabl><attalias Sync="TRUE">Shape</attalias><attrtype Sync="TRUE">Geometry</attrtype><attwidth Sync="TRUE">0</attwidth><atprecis Sync="TRUE">0</atprecis><attscale Sync="TRUE">0</attscale><attrdef Sync="TRUE">Feature geometry.</attrdef><attrdefs Sync="TRUE">Esri</attrdefs><attrdomv><udom Sync="TRUE">Coordinates defining the features.</udom></attrdomv></attr><attr><attrlabl Sync="TRUE">Loc_name</attrlabl><attalias Sync="TRUE">Loc_name</attalias><attrtype Sync="TRUE">String</attrtype><attwidth Sync="TRUE">20</attwidth><atprecis Sync="TRUE">0</atprecis><attscale Sync="TRUE">0</attscale></attr><attr><attrlabl Sync="TRUE">Status</attrlabl><attalias Sync="TRUE">Status</attalias><attrtype Sync="TRUE">String</attrtype><attwidth Sync="TRUE">1</attwidth><atprecis Sync="TRUE">0</atprecis><attscale Sync="TRUE">0</attscale></attr><attr><attrlabl Sync="TRUE">Score</attrlabl><attalias Sync="TRUE">Score</attalias><attrtype Sync="TRUE">Double</attrtype><attwidth Sync="TRUE">19</attwidth><atprecis Sync="TRUE">0</atprecis><attscale Sync="TRUE">0</attscale></attr><attr><attrlabl Sync="TRUE">Match_type</attrlabl><attalias Sync="TRUE">Match_type</attalias><attrtype Sync="TRUE">String</attrtype><attwidth Sync="TRUE">2</attwidth><atprecis Sync="TRUE">0</atprecis><attscale Sync="TRUE">0</attscale></attr><attr><attrlabl Sync="TRUE">Match_addr</attrlabl><attalias Sync="TRUE">Match_addr</attalias><attrtype Sync="TRUE">String</attrtype><attwidth Sync="TRUE">254</attwidth><atprecis Sync="TRUE">0</atprecis><attscale Sync="TRUE">0</attscale></attr><attr><attrlabl Sync="TRUE">LongLabel</attrlabl><attalias Sync="TRUE">LongLabel</attalias><attrtype Sync="TRUE">String</attrtype><attwidth Sync="TRUE">254</attwidth><atprecis Sync="TRUE">0</atprecis><attscale Sync="TRUE">0</attscale></attr><attr><attrlabl Sync="TRUE">ShortLabel</attrlabl><attalias Sync="TRUE">ShortLabel</attalias><attrtype Sync="TRUE">String</attrtype><attwidth Sync="TRUE">254</attwidth><atprecis Sync="TRUE">0</atprecis><attscale Sync="TRUE">0</attscale></attr><attr><attrlabl Sync="TRUE">Addr_type</attrlabl><attalias Sync="TRUE">Addr_type</attalias><attrtype Sync="TRUE">String</attrtype><attwidth Sync="TRUE">20</attwidth><atprecis Sync="TRUE">0</atprecis><attscale Sync="TRUE">0</attscale></attr><attr><attrlabl Sync="TRUE">Type</attrlabl><attalias Sync="TRUE">Type</attalias><attrtype Sync="TRUE">String</attrtype><attwidth Sync="TRUE">50</attwidth><atprecis Sync="TRUE">0</atprecis><attscale Sync="TRUE">0</attscale></attr><attr><attrlabl Sync="TRUE">PlaceName</attrlabl><attalias Sync="TRUE">PlaceName</attalias><attrtype Sync="TRUE">String</attrtype><attwidth Sync="TRUE">200</attwidth><atprecis Sync="TRUE">0</atprecis><attscale Sync="TRUE">0</attscale></attr><attr><attrlabl Sync="TRUE">Place_addr</attrlabl><attalias Sync="TRUE">Place_addr</attalias><attrtype Sync="TRUE">String</attrtype><attwidth Sync="TRUE">254</attwidth><atprecis Sync="TRUE">0</atprecis><attscale Sync="TRUE">0</attscale></attr><attr><attrlabl Sync="TRUE">Phone</attrlabl><attalias Sync="TRUE">Phone</attalias><attrtype Sync="TRUE">String</attrtype><attwidth Sync="TRUE">25</attwidth><atprecis Sync="TRUE">0</atprecis><attscale Sync="TRUE">0</attscale></attr><attr><attrlabl Sync="TRUE">URL</attrlabl><attalias Sync="TRUE">URL</attalias><attrtype Sync="TRUE">String</attrtype><attwidth Sync="TRUE">250</attwidth><atprecis Sync="TRUE">0</atprecis><attscale Sync="TRUE">0</attscale></attr><attr><attrlabl Sync="TRUE">Rank</attrlabl><attalias Sync="TRUE">Rank</attalias><attrtype Sync="TRUE">Double</attrtype><attwidth Sync="TRUE">19</attwidth><atprecis Sync="TRUE">0</atprecis><attscale Sync="TRUE">0</attscale></attr><attr><attrlabl Sync="TRUE">AddBldg</attrlabl><attalias Sync="TRUE">AddBldg</attalias><attrtype Sync="TRUE">String</attrtype><attwidth Sync="TRUE">125</attwidth><atprecis Sync="TRUE">0</atprecis><attscale Sync="TRUE">0</attscale></attr><attr><attrlabl Sync="TRUE">AddNum</attrlabl><attalias Sync="TRUE">AddNum</attalias><attrtype Sync="TRUE">String</attrtype><attwidth Sync="TRUE">50</attwidth><atprecis Sync="TRUE">0</atprecis><attscale Sync="TRUE">0</attscale></attr><attr><attrlabl Sync="TRUE">AddNumFrom</attrlabl><attalias Sync="TRUE">AddNumFrom</attalias><attrtype Sync="TRUE">String</attrtype><attwidth Sync="TRUE">50</attwidth><atprecis Sync="TRUE">0</atprecis><attscale Sync="TRUE">0</attscale></attr><attr><attrlabl Sync="TRUE">AddNumTo</attrlabl><attalias Sync="TRUE">AddNumTo</attalias><attrtype Sync="TRUE">String</attrtype><attwidth Sync="TRUE">50</attwidth><atprecis Sync="TRUE">0</atprecis><attscale Sync="TRUE">0</attscale></attr><attr><attrlabl Sync="TRUE">AddRange</attrlabl><attalias Sync="TRUE">AddRange</attalias><attrtype Sync="TRUE">String</attrtype><attwidth Sync="TRUE">100</attwidth><atprecis Sync="TRUE">0</atprecis><attscale Sync="TRUE">0</attscale></attr><attr><attrlabl Sync="TRUE">Side</attrlabl><attalias Sync="TRUE">Side</attalias><attrtype Sync="TRUE">String</attrtype><attwidth Sync="TRUE">1</attwidth><atprecis Sync="TRUE">0</atprecis><attscale Sync="TRUE">0</attscale></attr><attr><attrlabl Sync="TRUE">StPreDir</attrlabl><attalias Sync="TRUE">StPreDir</attalias><attrtype Sync="TRUE">String</attrtype><attwidth Sync="TRUE">5</attwidth><atprecis Sync="TRUE">0</atprecis><attscale Sync="TRUE">0</attscale></attr><attr><attrlabl Sync="TRUE">StPreType</attrlabl><attalias Sync="TRUE">StPreType</attalias><attrtype Sync="TRUE">String</attrtype><attwidth Sync="TRUE">50</attwidth><atprecis Sync="TRUE">0</atprecis><attscale Sync="TRUE">0</attscale></attr><attr><attrlabl Sync="TRUE">StName</attrlabl><attalias Sync="TRUE">StName</attalias><attrtype Sync="TRUE">String</attrtype><attwidth Sync="TRUE">125</attwidth><atprecis Sync="TRUE">0</atprecis><attscale Sync="TRUE">0</attscale></attr><attr><attrlabl Sync="TRUE">StType</attrlabl><attalias Sync="TRUE">StType</attalias><attrtype Sync="TRUE">String</attrtype><attwidth Sync="TRUE">30</attwidth><atprecis Sync="TRUE">0</atprecis><attscale Sync="TRUE">0</attscale></attr><attr><attrlabl Sync="TRUE">StDir</attrlabl><attalias Sync="TRUE">StDir</attalias><attrtype Sync="TRUE">String</attrtype><attwidth Sync="TRUE">20</attwidth><atprecis Sync="TRUE">0</atprecis><attscale Sync="TRUE">0</attscale></attr><attr><attrlabl Sync="TRUE">BldgType</attrlabl><attalias Sync="TRUE">BldgType</attalias><attrtype Sync="TRUE">String</attrtype><attwidth Sync="TRUE">20</attwidth><atprecis Sync="TRUE">0</atprecis><attscale Sync="TRUE">0</attscale></attr><attr><attrlabl Sync="TRUE">BldgName</attrlabl><attalias Sync="TRUE">BldgName</attalias><attrtype Sync="TRUE">String</attrtype><attwidth Sync="TRUE">50</attwidth><atprecis Sync="TRUE">0</atprecis><attscale Sync="TRUE">0</attscale></attr><attr><attrlabl Sync="TRUE">LevelType</attrlabl><attalias Sync="TRUE">LevelType</attalias><attrtype Sync="TRUE">String</attrtype><attwidth Sync="TRUE">20</attwidth><atprecis Sync="TRUE">0</atprecis><attscale Sync="TRUE">0</attscale></attr><attr><attrlabl Sync="TRUE">LevelName</attrlabl><attalias Sync="TRUE">LevelName</attalias><attrtype Sync="TRUE">String</attrtype><attwidth Sync="TRUE">50</attwidth><atprecis Sync="TRUE">0</atprecis><attscale Sync="TRUE">0</attscale></attr><attr><attrlabl Sync="TRUE">UnitType</attrlabl><attalias Sync="TRUE">UnitType</attalias><attrtype Sync="TRUE">String</attrtype><attwidth Sync="TRUE">20</attwidth><atprecis Sync="TRUE">0</atprecis><attscale Sync="TRUE">0</attscale></attr><attr><attrlabl Sync="TRUE">UnitName</attrlabl><attalias Sync="TRUE">UnitName</attalias><attrtype Sync="TRUE">String</attrtype><attwidth Sync="TRUE">50</attwidth><atprecis Sync="TRUE">0</atprecis><attscale Sync="TRUE">0</attscale></attr><attr><attrlabl Sync="TRUE">SubAddr</attrlabl><attalias Sync="TRUE">SubAddr</attalias><attrtype Sync="TRUE">String</attrtype><attwidth Sync="TRUE">250</attwidth><atprecis Sync="TRUE">0</atprecis><attscale Sync="TRUE">0</attscale></attr><attr><attrlabl Sync="TRUE">StAddr</attrlabl><attalias Sync="TRUE">StAddr</attalias><attrtype Sync="TRUE">String</attrtype><attwidth Sync="TRUE">254</attwidth><atprecis Sync="TRUE">0</atprecis><attscale Sync="TRUE">0</attscale></attr><attr><attrlabl Sync="TRUE">Block</attrlabl><attalias Sync="TRUE">Block</attalias><attrtype Sync="TRUE">String</attrtype><attwidth Sync="TRUE">120</attwidth><atprecis Sync="TRUE">0</atprecis><attscale Sync="TRUE">0</attscale></attr><attr><attrlabl Sync="TRUE">Sector</attrlabl><attalias Sync="TRUE">Sector</attalias><attrtype Sync="TRUE">String</attrtype><attwidth Sync="TRUE">120</attwidth><atprecis Sync="TRUE">0</atprecis><attscale Sync="TRUE">0</attscale></attr><attr><attrlabl Sync="TRUE">Nbrhd</attrlabl><attalias Sync="TRUE">Nbrhd</attalias><attrtype Sync="TRUE">String</attrtype><attwidth Sync="TRUE">120</attwidth><atprecis Sync="TRUE">0</atprecis><attscale Sync="TRUE">0</attscale></attr><attr><attrlabl Sync="TRUE">District</attrlabl><attalias Sync="TRUE">District</attalias><attrtype Sync="TRUE">String</attrtype><attwidth Sync="TRUE">120</attwidth><atprecis Sync="TRUE">0</atprecis><attscale Sync="TRUE">0</attscale></attr><attr><attrlabl Sync="TRUE">City</attrlabl><attalias Sync="TRUE">City</attalias><attrtype Sync="TRUE">String</attrtype><attwidth Sync="TRUE">120</attwidth><atprecis Sync="TRUE">0</atprecis><attscale Sync="TRUE">0</attscale></attr><attr><attrlabl Sync="TRUE">MetroArea</attrlabl><attalias Sync="TRUE">MetroArea</attalias><attrtype Sync="TRUE">String</attrtype><attwidth Sync="TRUE">120</attwidth><atprecis Sync="TRUE">0</atprecis><attscale Sync="TRUE">0</attscale></attr><attr><attrlabl Sync="TRUE">Subregion</attrlabl><attalias Sync="TRUE">Subregion</attalias><attrtype Sync="TRUE">String</attrtype><attwidth Sync="TRUE">120</attwidth><atprecis Sync="TRUE">0</atprecis><attscale Sync="TRUE">0</attscale></attr><attr><attrlabl Sync="TRUE">Region</attrlabl><attalias Sync="TRUE">Region</attalias><attrtype Sync="TRUE">String</attrtype><attwidth Sync="TRUE">120</attwidth><atprecis Sync="TRUE">0</atprecis><attscale Sync="TRUE">0</attscale></attr><attr><attrlabl Sync="TRUE">RegionAbbr</attrlabl><attalias Sync="TRUE">RegionAbbr</attalias><attrtype Sync="TRUE">String</attrtype><attwidth Sync="TRUE">50</attwidth><atprecis Sync="TRUE">0</atprecis><attscale Sync="TRUE">0</attscale></attr><attr><attrlabl Sync="TRUE">Territory</attrlabl><attalias Sync="TRUE">Territory</attalias><attrtype Sync="TRUE">String</attrtype><attwidth Sync="TRUE">120</attwidth><atprecis Sync="TRUE">0</atprecis><attscale Sync="TRUE">0</attscale></attr><attr><attrlabl Sync="TRUE">Zone</attrlabl><attalias Sync="TRUE">Zone</attalias><attrtype Sync="TRUE">String</attrtype><attwidth Sync="TRUE">100</attwidth><atprecis Sync="TRUE">0</atprecis><attscale Sync="TRUE">0</attscale></attr><attr><attrlabl Sync="TRUE">Postal</attrlabl><attalias Sync="TRUE">Postal</attalias><attrtype Sync="TRUE">String</attrtype><attwidth Sync="TRUE">20</attwidth><atprecis Sync="TRUE">0</atprecis><attscale Sync="TRUE">0</attscale></attr><attr><attrlabl Sync="TRUE">PostalExt</attrlabl><attalias Sync="TRUE">PostalExt</attalias><attrtype Sync="TRUE">String</attrtype><attwidth Sync="TRUE">10</attwidth><atprecis Sync="TRUE">0</atprecis><attscale Sync="TRUE">0</attscale></attr><attr><attrlabl Sync="TRUE">Country</attrlabl><attalias Sync="TRUE">Country</attalias><attrtype Sync="TRUE">String</attrtype><attwidth Sync="TRUE">30</attwidth><atprecis Sync="TRUE">0</atprecis><attscale Sync="TRUE">0</attscale></attr><attr><attrlabl Sync="TRUE">CntryName</attrlabl><attalias Sync="TRUE">CntryName</attalias><attrtype Sync="TRUE">String</attrtype><attwidth Sync="TRUE">100</attwidth><atprecis Sync="TRUE">0</atprecis><attscale Sync="TRUE">0</attscale></attr><attr><attrlabl Sync="TRUE">LangCode</attrlabl><attalias Sync="TRUE">LangCode</attalias><attrtype Sync="TRUE">String</attrtype><attwidth Sync="TRUE">5</attwidth><atprecis Sync="TRUE">0</atprecis><attscale Sync="TRUE">0</attscale></attr><attr><attrlabl Sync="TRUE">Distance</attrlabl><attalias Sync="TRUE">Distance</attalias><attrtype Sync="TRUE">Double</attrtype><attwidth Sync="TRUE">19</attwidth><atprecis Sync="TRUE">0</atprecis><attscale Sync="TRUE">0</attscale></attr><attr><attrlabl Sync="TRUE">X</attrlabl><attalias Sync="TRUE">X</attalias><attrtype Sync="TRUE">Double</attrtype><attwidth Sync="TRUE">19</attwidth><atprecis Sync="TRUE">0</atprecis><attscale Sync="TRUE">0</attscale></attr><attr><attrlabl Sync="TRUE">Y</attrlabl><attalias Sync="TRUE">Y</attalias><attrtype Sync="TRUE">Double</attrtype><attwidth Sync="TRUE">19</attwidth><atprecis Sync="TRUE">0</atprecis><attscale Sync="TRUE">0</attscale></attr><attr><attrlabl Sync="TRUE">DisplayX</attrlabl><attalias Sync="TRUE">DisplayX</attalias><attrtype Sync="TRUE">Double</attrtype><attwidth Sync="TRUE">19</attwidth><atprecis Sync="TRUE">0</atprecis><attscale Sync="TRUE">0</attscale></attr><attr><attrlabl Sync="TRUE">DisplayY</attrlabl><attalias Sync="TRUE">DisplayY</attalias><attrtype Sync="TRUE">Double</attrtype><attwidth Sync="TRUE">19</attwidth><atprecis Sync="TRUE">0</atprecis><attscale Sync="TRUE">0</attscale></attr><attr><attrlabl Sync="TRUE">Xmin</attrlabl><attalias Sync="TRUE">Xmin</attalias><attrtype Sync="TRUE">Double</attrtype><attwidth Sync="TRUE">19</attwidth><atprecis Sync="TRUE">0</atprecis><attscale Sync="TRUE">0</attscale></attr><attr><attrlabl Sync="TRUE">Xmax</attrlabl><attalias Sync="TRUE">Xmax</attalias><attrtype Sync="TRUE">Double</attrtype><attwidth Sync="TRUE">19</attwidth><atprecis Sync="TRUE">0</atprecis><attscale Sync="TRUE">0</attscale></attr><attr><attrlabl Sync="TRUE">Ymin</attrlabl><attalias Sync="TRUE">Ymin</attalias><attrtype Sync="TRUE">Double</attrtype><attwidth Sync="TRUE">19</attwidth><atprecis Sync="TRUE">0</atprecis><attscale Sync="TRUE">0</attscale></attr><attr><attrlabl Sync="TRUE">Ymax</attrlabl><attalias Sync="TRUE">Ymax</attalias><attrtype Sync="TRUE">Double</attrtype><attwidth Sync="TRUE">19</attwidth><atprecis Sync="TRUE">0</atprecis><attscale Sync="TRUE">0</attscale></attr><attr><attrlabl Sync="TRUE">ExInfo</attrlabl><attalias Sync="TRUE">ExInfo</attalias><attrtype Sync="TRUE">String</attrtype><attwidth Sync="TRUE">254</attwidth><atprecis Sync="TRUE">0</atprecis><attscale Sync="TRUE">0</attscale></attr><attr><attrlabl Sync="TRUE">IN_Address</attrlabl><attalias Sync="TRUE">IN_Address</attalias><attrtype Sync="TRUE">String</attrtype><attwidth Sync="TRUE">100</attwidth><atprecis Sync="TRUE">0</atprecis><attscale Sync="TRUE">0</attscale></attr><attr><attrlabl Sync="TRUE">IN_Addre_1</attrlabl><attalias Sync="TRUE">IN_Addre_1</attalias><attrtype Sync="TRUE">String</attrtype><attwidth Sync="TRUE">100</attwidth><atprecis Sync="TRUE">0</atprecis><attscale Sync="TRUE">0</attscale></attr><attr><attrlabl Sync="TRUE">IN_Addre_2</attrlabl><attalias Sync="TRUE">IN_Addre_2</attalias><attrtype Sync="TRUE">String</attrtype><attwidth Sync="TRUE">100</attwidth><atprecis Sync="TRUE">0</atprecis><attscale Sync="TRUE">0</attscale></attr><attr><attrlabl Sync="TRUE">IN_Neighbo</attrlabl><attalias Sync="TRUE">IN_Neighbo</attalias><attrtype Sync="TRUE">String</attrtype><attwidth Sync="TRUE">50</attwidth><atprecis Sync="TRUE">0</atprecis><attscale Sync="TRUE">0</attscale></attr><attr><attrlabl Sync="TRUE">IN_City</attrlabl><attalias Sync="TRUE">IN_City</attalias><attrtype Sync="TRUE">String</attrtype><attwidth Sync="TRUE">50</attwidth><atprecis Sync="TRUE">0</atprecis><attscale Sync="TRUE">0</attscale></attr><attr><attrlabl Sync="TRUE">IN_Subregi</attrlabl><attalias Sync="TRUE">IN_Subregi</attalias><attrtype Sync="TRUE">String</attrtype><attwidth Sync="TRUE">50</attwidth><atprecis Sync="TRUE">0</atprecis><attscale Sync="TRUE">0</attscale></attr><attr><attrlabl Sync="TRUE">IN_Region</attrlabl><attalias Sync="TRUE">IN_Region</attalias><attrtype Sync="TRUE">String</attrtype><attwidth Sync="TRUE">50</attwidth><atprecis Sync="TRUE">0</atprecis><attscale Sync="TRUE">0</attscale></attr><attr><attrlabl Sync="TRUE">IN_Postal</attrlabl><attalias Sync="TRUE">IN_Postal</attalias><attrtype Sync="TRUE">String</attrtype><attwidth Sync="TRUE">20</attwidth><atprecis Sync="TRUE">0</atprecis><attscale Sync="TRUE">0</attscale></attr><attr><attrlabl Sync="TRUE">IN_PostalE</attrlabl><attalias Sync="TRUE">IN_PostalE</attalias><attrtype Sync="TRUE">String</attrtype><attwidth Sync="TRUE">20</attwidth><atprecis Sync="TRUE">0</atprecis><attscale Sync="TRUE">0</attscale></attr><attr><attrlabl Sync="TRUE">IN_Country</attrlabl><attalias Sync="TRUE">IN_Country</attalias><attrtype Sync="TRUE">String</attrtype><attwidth Sync="TRUE">100</attwidth><atprecis Sync="TRUE">0</atprecis><attscale Sync="TRUE">0</attscale></attr><attr><attrlabl Sync="TRUE">USER_ID</attrlabl><attalias Sync="TRUE">USER_ID</attalias><attrtype Sync="TRUE">Double</attrtype><attwidth Sync="TRUE">19</attwidth><atprecis Sync="TRUE">0</atprecis><attscale Sync="TRUE">0</attscale></attr><attr><attrlabl Sync="TRUE">USER_FACIL</attrlabl><attalias Sync="TRUE">USER_FACIL</attalias><attrtype Sync="TRUE">String</attrtype><attwidth Sync="TRUE">254</attwidth><atprecis Sync="TRUE">0</atprecis><attscale Sync="TRUE">0</attscale></attr><attr><attrlabl Sync="TRUE">USER_ALT_N</attrlabl><attalias Sync="TRUE">USER_ALT_N</attalias><attrtype Sync="TRUE">String</attrtype><attwidth Sync="TRUE">254</attwidth><atprecis Sync="TRUE">0</atprecis><attscale Sync="TRUE">0</attscale></attr><attr><attrlabl Sync="TRUE">USER_ADDRE</attrlabl><attalias Sync="TRUE">USER_ADDRE</attalias><attrtype Sync="TRUE">String</attrtype><attwidth Sync="TRUE">254</attwidth><atprecis Sync="TRUE">0</atprecis><attscale Sync="TRUE">0</attscale></attr><attr><attrlabl Sync="TRUE">USER_ADD_1</attrlabl><attalias Sync="TRUE">USER_ADD_1</attalias><attrtype Sync="TRUE">String</attrtype><attwidth Sync="TRUE">254</attwidth><atprecis Sync="TRUE">0</atprecis><attscale Sync="TRUE">0</attscale></attr><attr><attrlabl Sync="TRUE">USER_CITY</attrlabl><attalias Sync="TRUE">USER_CITY</attalias><attrtype Sync="TRUE">String</attrtype><attwidth Sync="TRUE">254</attwidth><atprecis Sync="TRUE">0</atprecis><attscale Sync="TRUE">0</attscale></attr><attr><attrlabl Sync="TRUE">USER_STATE</attrlabl><attalias Sync="TRUE">USER_STATE</attalias><attrtype Sync="TRUE">String</attrtype><attwidth Sync="TRUE">254</attwidth><atprecis Sync="TRUE">0</atprecis><attscale Sync="TRUE">0</attscale></attr><attr><attrlabl Sync="TRUE">USER_ZIPCO</attrlabl><attalias Sync="TRUE">USER_ZIPCO</attalias><attrtype Sync="TRUE">String</attrtype><attwidth Sync="TRUE">254</attwidth><atprecis Sync="TRUE">0</atprecis><attscale Sync="TRUE">0</attscale></attr><attr><attrlabl Sync="TRUE">USER_NEIGH</attrlabl><attalias Sync="TRUE">USER_NEIGH</attalias><attrtype Sync="TRUE">String</attrtype><attwidth Sync="TRUE">254</attwidth><atprecis Sync="TRUE">0</atprecis><attscale Sync="TRUE">0</attscale></attr><attr><attrlabl Sync="TRUE">USER_PLANN</attrlabl><attalias Sync="TRUE">USER_PLANN</attalias><attrtype Sync="TRUE">String</attrtype><attwidth Sync="TRUE">254</attwidth><atprecis Sync="TRUE">0</atprecis><attscale Sync="TRUE">0</attscale></attr><attr><attrlabl Sync="TRUE">USER_MON_O</attrlabl><attalias Sync="TRUE">USER_MON_O</attalias><attrtype Sync="TRUE">Date</attrtype><attwidth Sync="TRUE">8</attwidth><atprecis Sync="TRUE">0</atprecis><attscale Sync="TRUE">0</attscale></attr><attr><attrlabl Sync="TRUE">USER_MON_C</attrlabl><attalias Sync="TRUE">USER_MON_C</attalias><attrtype Sync="TRUE">Date</attrtype><attwidth Sync="TRUE">8</attwidth><atprecis Sync="TRUE">0</atprecis><attscale Sync="TRUE">0</attscale></attr><attr><attrlabl Sync="TRUE">USER_MON_H</attrlabl><attalias Sync="TRUE">USER_MON_H</attalias><attrtype Sync="TRUE">Double</attrtype><attwidth Sync="TRUE">19</attwidth><atprecis Sync="TRUE">0</atprecis><attscale Sync="TRUE">0</attscale></attr><attr><attrlabl Sync="TRUE">USER_TUES_</attrlabl><attalias Sync="TRUE">USER_TUES_</attalias><attrtype Sync="TRUE">Date</attrtype><attwidth Sync="TRUE">8</attwidth><atprecis Sync="TRUE">0</atprecis><attscale Sync="TRUE">0</attscale></attr><attr><attrlabl Sync="TRUE">USER_TUES1</attrlabl><attalias Sync="TRUE">USER_TUES1</attalias><attrtype Sync="TRUE">Date</attrtype><attwidth Sync="TRUE">8</attwidth><atprecis Sync="TRUE">0</atprecis><attscale Sync="TRUE">0</attscale></attr><attr><attrlabl Sync="TRUE">USER_TUE_1</attrlabl><attalias Sync="TRUE">USER_TUE_1</attalias><attrtype Sync="TRUE">Double</attrtype><attwidth Sync="TRUE">19</attwidth><atprecis Sync="TRUE">0</atprecis><attscale Sync="TRUE">0</attscale></attr><attr><attrlabl Sync="TRUE">USER_WED_O</attrlabl><attalias Sync="TRUE">USER_WED_O</attalias><attrtype Sync="TRUE">Date</attrtype><attwidth Sync="TRUE">8</attwidth><atprecis Sync="TRUE">0</atprecis><attscale Sync="TRUE">0</attscale></attr><attr><attrlabl Sync="TRUE">USER_WED_C</attrlabl><attalias Sync="TRUE">USER_WED_C</attalias><attrtype Sync="TRUE">Date</attrtype><attwidth Sync="TRUE">8</attwidth><atprecis Sync="TRUE">0</atprecis><attscale Sync="TRUE">0</attscale></attr><attr><attrlabl Sync="TRUE">USER_WED_H</attrlabl><attalias Sync="TRUE">USER_WED_H</attalias><attrtype Sync="TRUE">Double</attrtype><attwidth Sync="TRUE">19</attwidth><atprecis Sync="TRUE">0</atprecis><attscale Sync="TRUE">0</attscale></attr><attr><attrlabl Sync="TRUE">USER_THUR_</attrlabl><attalias Sync="TRUE">USER_THUR_</attalias><attrtype Sync="TRUE">Date</attrtype><attwidth Sync="TRUE">8</attwidth><atprecis Sync="TRUE">0</atprecis><attscale Sync="TRUE">0</attscale></attr><attr><attrlabl Sync="TRUE">USER_THUR1</attrlabl><attalias Sync="TRUE">USER_THUR1</attalias><attrtype Sync="TRUE">Date</attrtype><attwidth Sync="TRUE">8</attwidth><atprecis Sync="TRUE">0</atprecis><attscale Sync="TRUE">0</attscale></attr><attr><attrlabl Sync="TRUE">USER_THU_1</attrlabl><attalias Sync="TRUE">USER_THU_1</attalias><attrtype Sync="TRUE">Double</attrtype><attwidth Sync="TRUE">19</attwidth><atprecis Sync="TRUE">0</atprecis><attscale Sync="TRUE">0</attscale></attr><attr><attrlabl Sync="TRUE">USER_FRI_O</attrlabl><attalias Sync="TRUE">USER_FRI_O</attalias><attrtype Sync="TRUE">Date</attrtype><attwidth Sync="TRUE">8</attwidth><atprecis Sync="TRUE">0</atprecis><attscale Sync="TRUE">0</attscale></attr><attr><attrlabl Sync="TRUE">USER_FRI_C</attrlabl><attalias Sync="TRUE">USER_FRI_C</attalias><attrtype Sync="TRUE">Date</attrtype><attwidth Sync="TRUE">8</attwidth><atprecis Sync="TRUE">0</atprecis><attscale Sync="TRUE">0</attscale></attr><attr><attrlabl Sync="TRUE">USER_FRI_H</attrlabl><attalias Sync="TRUE">USER_FRI_H</attalias><attrtype Sync="TRUE">Double</attrtype><attwidth Sync="TRUE">19</attwidth><atprecis Sync="TRUE">0</atprecis><attscale Sync="TRUE">0</attscale></attr><attr><attrlabl Sync="TRUE">USER_SAT_O</attrlabl><attalias Sync="TRUE">USER_SAT_O</attalias><attrtype Sync="TRUE">String</attrtype><attwidth Sync="TRUE">254</attwidth><atprecis Sync="TRUE">0</atprecis><attscale Sync="TRUE">0</attscale></attr><attr><attrlabl Sync="TRUE">USER_SAT_C</attrlabl><attalias Sync="TRUE">USER_SAT_C</attalias><attrtype Sync="TRUE">String</attrtype><attwidth Sync="TRUE">254</attwidth><atprecis Sync="TRUE">0</atprecis><attscale Sync="TRUE">0</attscale></attr><attr><attrlabl Sync="TRUE">USER_SAT_H</attrlabl><attalias Sync="TRUE">USER_SAT_H</attalias><attrtype Sync="TRUE">Double</attrtype><attwidth Sync="TRUE">19</attwidth><atprecis Sync="TRUE">0</atprecis><attscale Sync="TRUE">0</attscale></attr><attr><attrlabl Sync="TRUE">USER_WEEKL</attrlabl><attalias Sync="TRUE">USER_WEEKL</attalias><attrtype Sync="TRUE">Double</attrtype><attwidth Sync="TRUE">19</attwidth><atprecis Sync="TRUE">0</atprecis><attscale Sync="TRUE">0</attscale></attr><attr><attrlabl Sync="TRUE">USER_DAYS_</attrlabl><attalias Sync="TRUE">USER_DAYS_</attalias><attrtype Sync="TRUE">Double</attrtype><attwidth Sync="TRUE">19</attwidth><atprecis Sync="TRUE">0</atprecis><attscale Sync="TRUE">0</attscale></attr><attr><attrlabl Sync="TRUE">USER_DAYS1</attrlabl><attalias Sync="TRUE">USER_DAYS1</attalias><attrtype Sync="TRUE">Double</attrtype><attwidth Sync="TRUE">19</attwidth><atprecis Sync="TRUE">0</atprecis><attscale Sync="TRUE">0</attscale></attr><attr><attrlabl Sync="TRUE">USER_DAY_1</attrlabl><attalias Sync="TRUE">USER_DAY_1</attalias><attrtype Sync="TRUE">Double</attrtype><attwidth Sync="TRUE">19</attwidth><atprecis Sync="TRUE">0</atprecis><attscale Sync="TRUE">0</attscale></attr><attr><attrlabl Sync="TRUE">USER_DAY_2</attrlabl><attalias Sync="TRUE">USER_DAY_2</attalias><attrtype Sync="TRUE">Double</attrtype><attwidth Sync="TRUE">19</attwidth><atprecis Sync="TRUE">0</atprecis><attscale Sync="TRUE">0</attscale></attr><attr><attrlabl Sync="TRUE">USER_WEEKE</attrlabl><attalias Sync="TRUE">USER_WEEKE</attalias><attrtype Sync="TRUE">Double</attrtype><attwidth Sync="TRUE">19</attwidth><atprecis Sync="TRUE">0</atprecis><attscale Sync="TRUE">0</attscale></attr></detailed></eainfo><mdDateSt Sync="TRUE">20231217</mdDateSt></metadata>
